{"learner":{"attributes":{"best_iteration":"9","best_ntree_limit":"10"},"feature_names":[],"feature_types":[],"gradient_booster":{"model":{"gbtree_model_param":{"num_trees":"10","size_leaf_vector":"0"},"tree_info":[0,0,0,0,0,0,0,0,0,0],"trees":[{"base_weights":[2.1570299E0,1.8517687E0,3.1676884E0,2.9765708E0,1.4805263E0,3.0258698E0,1.025E1,1.8395604E0,4.037113E0,3.985955E0,1.3131313E0,2.7363014E0,5.955E0,-3.2857144E0,1.553125E1],"categories":[],"categories_nodes":[],"categories_segments":[],"categories_sizes":[],"default_left":[true,true,true,true,true,true,true,false,false,false,false,false,false,false,false],"id":0,"left_children":[1,3,5,7,9,11,13,-1,-1,-1,-1,-1,-1,-1,-1],"loss_changes":[1.5148027E3,1.5773643E3,1.1160127E3,1.1248643E3,1.1900454E3,9.3451953E2,1.6237122E3,0E0,0E0,0E0,0E0,0E0,0E0,0E0,0E0],"parents":[2147483647,0,0,1,1,2,2,3,3,4,4,5,5,6,6],"right_children":[2,4,6,8,10,12,14,-1,-1,-1,-1,-1,-1,-1,-1],"split_conditions":[7.077783E-2,-2.0564388E-1,3.6982627E0,-5.679963E-1,-6.4381176E-1,3.3171868E0,-2.3244064E0,1.8395604E-1,4.0371132E-1,3.985955E-1,1.3131313E-1,2.7363014E-1,5.955E-1,-3.2857144E-1,1.553125E0],"split_indices":[0,1,0,2,0,1,2,0,0,0,0,0,0,0,0],"split_type":[0,0,0,0,0,0,0,0,0,0,0,0,0,0,0],"sum_hessian":[4.928E3,3.787E3,1.141E3,9.38E2,2.849E3,1.12E3,2.1E1,4.54E2,4.84E2,1.77E2,2.672E3,1.021E3,9.9E1,6E0,1.5E1],"tree_param":{"num_deleted":"0","num_feature":"3","num_nodes":"15","size_leaf_vector":"0"}},{"base_weights":[1.9419782E0,1.6668868E0,2.8527527E0,2.6795397E0,1.3326595E0,2.7308805E0,9.912312E0,1.6560086E0,3.6342344E0,-4.8892016E0,1.3894509E0,1.2312328E1,2.6511638E0,-1.8852122E0,1.6951302E1],"categories":[],"categories_nodes":[],"categories_segments":[],"categories_sizes":[],"default_left":[true,true,true,true,true,true,true,false,false,false,false,false,false,false,false],"id":1,"left_children":[1,3,5,7,9,11,13,-1,-1,-1,-1,-1,-1,-1,-1],"loss_changes":[1.2301875E3,1.278501E3,9.554668E2,9.1153467E2,1.01383594E3,8.258711E2,1.6097672E3,0E0,0E0,0E0,0E0,0E0,0E0,0E0,0E0],"parents":[2147483647,0,0,1,1,2,2,3,3,4,4,5,5,6,6],"right_children":[2,4,6,8,10,12,14,-1,-1,-1,-1,-1,-1,-1,-1],"split_conditions":[7.077783E-2,-2.0564388E-1,4.2420197E0,-5.679963E-1,-2.0282474E-1,7.2062E-2,-2.3065357E0,1.6560087E-1,3.6342344E-1,-4.8892018E-1,1.3894509E-1,1.2312329E0,2.651164E-1,-1.8852122E-1,1.6951302E0],"split_indices":[0,1,0,2,1,0,2,0,0,0,0,0,0,0,0],"split_type":[0,0,0,0,0,0,0,0,0,0,0,0,0,0,0],"sum_hessian":[4.928E3,3.787E3,1.141E3,9.38E2,2.849E3,1.123E3,1.8E1,4.54E2,4.84E2,2.5E1,2.824E3,8E0,1.115E3,7E0,1.1E1],"tree_param":{"num_deleted":"0","num_feature":"3","num_nodes":"15","size_leaf_vector":"0"}},{"base_weights":[1.7484261E0,1.6786115E0,5.1029897E0,1.6980623E0,-1.7430998E1,1.0237742E1,3.4362745E0,1.670342E0,9.441392E0,-4.5193734E0,-1.952906E1,4.88164E0,2.2548044E1,1.8548044E1,1.8979837E0],"categories":[],"categories_nodes":[],"categories_segments":[],"categories_sizes":[],"default_left":[true,true,true,true,true,true,true,false,false,false,false,false,false,false,false],"id":2,"left_children":[1,3,5,7,9,11,13,-1,-1,-1,-1,-1,-1,-1,-1],"loss_changes":[1.145794E3,1.8248936E3,8.206372E2,1.02011816E3,4.718799E1,1.4723743E3,1.7547611E3,0E0,0E0,0E0,0E0,0E0,0E0,0E0,0E0],"parents":[2147483647,0,0,1,1,2,2,3,3,4,4,5,5,6,6],"right_children":[2,4,6,8,10,12,14,-1,-1,-1,-1,-1,-1,-1,-1],"split_conditions":[3.3171868E0,3.3046098E0,-1.8487891E0,4.42846E0,1.685906E0,1.8278525E0,1.8448474E0,1.670342E-1,9.441392E-1,-4.5193735E-1,-1.952906E0,4.88164E-1,2.2548044E0,1.8548044E0,1.8979837E-1],"split_indices":[1,1,2,0,0,0,0,0,0,0,0,0,0,0,0],"split_type":[0,0,0,0,0,0,0,0,0,0,0,0,0,0,0],"sum_hessian":[4.928E3,4.829E3,9.9E1,4.825E3,4E0,2.3E1,7.6E1,4.809E3,1.6E1,1E0,3E0,1.7E1,6E0,6E0,7E1],"tree_param":{"num_deleted":"0","num_feature":"3","num_nodes":"15","size_leaf_vector":"0"}},{"base_weights":[1.5742924E0,1.5104825E0,4.6405663E0,1.5284863E0,-1.6168867E1,9.3282585E0,3.1192005E0,2.224458E0,1.2622524E0,-4.2934046E0,-1.806438E1,4.420596E0,2.0615353E1,1.6958212E1,1.7108585E0],"categories":[],"categories_nodes":[],"categories_segments":[],"categories_sizes":[],"default_left":[true,true,true,true,true,true,true,false,false,false,false,false,false,false,false],"id":3,"left_children":[1,3,5,7,9,11,13,-1,-1,-1,-1,-1,-1,-1,-1],"loss_changes":[9.573906E2,1.5620801E3,6.84073E2,8.914072E2,3.4992798E1,1.2383057E3,1.4717216E3,0E0,0E0,0E0,0E0,0E0,0E0,0E0,0E0],"parents":[2147483647,0,0,1,1,2,2,3,3,4,4,5,5,6,6],"right_children":[2,4,6,8,10,12,14,-1,-1,-1,-1,-1,-1,-1,-1],"split_conditions":[3.3171868E0,3.3046098E0,-1.8487891E0,-2.0564388E-1,1.685906E0,1.8278525E0,1.8448474E0,2.224458E-1,1.2622525E-1,-4.2934045E-1,-1.8064381E0,4.420596E-1,2.0615354E0,1.6958212E0,1.7108585E-1],"split_indices":[1,1,2,1,0,0,0,0,0,0,0,0,0,0,0],"split_type":[0,0,0,0,0,0,0,0,0,0,0,0,0,0,0],"sum_hessian":[4.928E3,4.829E3,9.9E1,4.825E3,4E0,2.3E1,7.6E1,1.333E3,3.492E3,1E0,3E0,1.7E1,6E0,6E0,7E1],"tree_param":{"num_deleted":"0","num_feature":"3","num_nodes":"15","size_leaf_vector":"0"}},{"base_weights":[1.4173669E0,1.1697738E0,2.1857872E0,1.9408602E0,6.668041E-1,7.2202067E0,1.951458E0,1.8189415E0,5.598631E0,7.023779E-1,-9.430578E0,1.5160861E1,5.6822624E0,1.614191E0,4.535163E0],"categories":[],"categories_nodes":[],"categories_segments":[],"categories_sizes":[],"default_left":[true,true,true,true,true,true,true,false,false,false,false,false,false,false,false],"id":4,"left_children":[1,3,5,7,9,11,13,-1,-1,-1,-1,-1,-1,-1,-1],"loss_changes":[9.352129E2,1.4453237E3,1.401564E3,6.462554E2,8.180622E2,5.61103E2,9.930449E2,0E0,0E0,0E0,0E0,0E0,0E0,0E0,0E0],"parents":[2147483647,0,0,1,1,2,2,3,3,4,4,5,5,6,6],"right_children":[2,4,6,8,10,12,14,-1,-1,-1,-1,-1,-1,-1,-1],"split_conditions":[2.9819727E-2,-1.9150391E-1,5.2135892E-2,-1.9545507E-1,2.7064927E-2,3.2885656E-2,1.7814112E0,1.8189415E-1,5.598631E-1,7.023779E-2,-9.4305784E-1,1.5160861E0,5.682263E-1,1.6141911E-1,4.535163E-1],"split_indices":[1,1,1,1,1,1,0,0,0,0,0,0,0,0,0],"split_type":[0,0,0,0,0,0,0,0,0,0,0,0,0,0,0],"sum_hessian":[4.928E3,3.729E3,1.199E3,1.471E3,2.258E3,5.2E1,1.147E3,1.425E3,4.6E1,2.251E3,7E0,7E0,4.5E1,1.016E3,1.31E2],"tree_param":{"num_deleted":"0","num_feature":"3","num_nodes":"15","size_leaf_vector":"0"}},{"base_weights":[1.2761513E0,1.2492112E0,7.2282424E0,7.923111E0,1.2271323E0,-1.2337859E1,9.801745E0,-6.3353734E0,1.0412563E1,-2.8220932E0,1.2568864E0,1.2527758E1,-8.8184434E-1],"categories":[],"categories_nodes":[],"categories_segments":[],"categories_sizes":[],"default_left":[true,true,true,true,true,false,true,false,false,false,false,false,false],"id":5,"left_children":[1,3,5,7,9,-1,11,-1,-1,-1,-1,-1,-1],"loss_changes":[7.813364E2,7.1348E2,1.2287079E3,6.339007E2,5.930586E2,0E0,5.935194E2,0E0,0E0,0E0,0E0,0E0,0E0],"parents":[2147483647,0,0,1,1,2,2,3,3,4,4,6,6],"right_children":[2,4,6,8,10,-1,12,-1,-1,-1,-1,-1,-1],"split_conditions":[3.6982627E0,-2.6276708E0,-2.421024E0,7.831023E-1,-2.0462937E0,-1.233786E0,5.243087E0,-6.3353735E-1,1.0412563E0,-2.8220934E-1,1.2568864E-1,1.2527758E0,-8.818444E-2],"split_indices":[0,2,2,0,2,0,0,0,0,0,0,0,0],"split_type":[0,0,0,0,0,0,0,0,0,0,0,0,0],"sum_hessian":[4.928E3,4.907E3,2.1E1,1.5E1,4.892E3,2E0,1.9E1,2E0,1.3E1,3.5E1,4.857E3,1.5E1,4E0],"tree_param":{"num_deleted":"0","num_feature":"3","num_nodes":"13","size_leaf_vector":"0"}},{"base_weights":[1.148573E0,9.271429E-1,1.8358946E0,1.6932818E0,5.003776E-1,6.4141955E0,1.6229278E0,9.739408E-1,2.5743196E0,2.139381E0,2.9305384E-1,1.3724308E1,5.0034328E0,1.3287354E0,3.8772528E0],"categories":[],"categories_nodes":[],"categories_segments":[],"categories_sizes":[],"default_left":[true,true,true,true,true,true,true,false,false,false,false,false,false,false,false],"id":6,"left_children":[1,3,5,7,9,11,13,-1,-1,-1,-1,-1,-1,-1,-1],"loss_changes":[7.4846094E2,1.218719E3,1.1596216E3,8.429375E2,8.138841E2,4.7791162E2,7.5620825E2,0E0,0E0,0E0,0E0,0E0,0E0,0E0,0E0],"parents":[2147483647,0,0,1,1,2,2,3,3,4,4,5,5,6,6],"right_children":[2,4,6,8,10,12,14,-1,-1,-1,-1,-1,-1,-1,-1],